{"valid/accs_b":0.9920000433921814,"test/accs_b":0.3500000238418579,"_wandb":{"runtime":9515},"_step":100,"valid/accs_d":0.7100000381469727,"test/accs_d":0.6940000057220459,"valid/best_acc_b":0.9950000643730164,"Iter step":50000,"test/best_acc_b":0.492000013589859,"_timestamp":1.726772399017137e+09,"valid/best_acc_d":0.9190000295639038,"test/best_acc_d":0.784000039100647,"_runtime":9515.13378252}