{"_step":100,"_wandb":{"runtime":1372},"test/best_acc_b":0.12870000302791595,"Iter step":50000,"test/accs_b":0.12870000302791595,"_timestamp":1.7268293622925363e+09,"valid/best_acc_d":0.9175999760627747,"valid/accs_b":0.9949999451637268,"valid/best_acc_b":0.9953999519348145,"_runtime":1372.061989015,"valid/accs_d":0.9111999869346619,"test/accs_d":0.8012999892234802,"test/best_acc_d":0.818399965763092}