{"_runtime":1383.2962643,"valid/best_acc_b":0.9953999519348145,"_step":100,"test/accs_d":0.7421000003814697,"_timestamp":1.7268279815371869e+09,"test/best_acc_d":0.7994999885559082,"test/best_acc_b":0.12929999828338623,"valid/accs_d":0.7835999727249146,"valid/best_acc_d":0.8923999667167664,"Iter step":50000,"_wandb":{"runtime":1383},"test/accs_b":0.11140000075101852,"valid/accs_b":0.995199978351593}