{"Iter step":50000,"test/accs_d":0.7220000624656677,"test/best_acc_d":0.7800000309944153,"valid/best_acc_b":1,"valid/accs_d":0.8200000524520874,"valid/best_acc_d":0.9360000491142273,"valid/accs_b":1,"_step":100,"test/best_acc_b":0.5320000052452087,"_runtime":7817.999356178,"_timestamp":1.7268037922257316e+09,"test/accs_b":0.48000001907348633,"_wandb":{"runtime":7818}}