{"valid/best_acc_d":0.9955999851226807,"test/best_acc_b":0.1070999950170517,"Iter step":500,"_step":1,"valid/best_acc_b":0.995199978351593,"_timestamp":1.7266390424120135e+09,"_runtime":14.86293486,"test/accs_b":0.1070999950170517,"valid/accs_b":0.995199978351593,"valid/accs_d":0.9955999851226807,"_wandb":{"runtime":22},"test/accs_d":0.11569999903440475,"test/best_acc_d":0.11569999903440475}