{"_runtime":7698.471988164,"test/best_acc_b":0.5300000309944153,"valid/accs_b":0.9960000514984131,"_step":100,"_wandb":{"runtime":7698},"Iter step":50000,"valid/best_acc_d":0.9110000729560852,"test/best_acc_d":0.8020000457763672,"valid/best_acc_b":0.9980000257492065,"valid/accs_d":0.7830000519752502,"test/accs_d":0.7620000243186951,"_timestamp":1.7267882156000953e+09,"test/accs_b":0.4820000231266022}