{"Iter step": 1000, "valid/accs_b": 0.9953999519348145, "valid/accs_d": 0.9955999851226807, "test/accs_b": 0.10409999638795853, "test/accs_d": 0.11369999498128891, "valid/best_acc_b": 0.9953999519348145, "valid/best_acc_d": 0.9955999851226807, "test/best_acc_b": 0.1070999950170517, "test/best_acc_d": 0.11569999903440475, "_timestamp": 1726638892.7542813, "_runtime": 38.84267735481262, "_step": 2, "_wandb": {"runtime": 41}}