{"_step":16,"_timestamp":1.7266396815732431e+09,"_runtime":341.124084312,"test/best_acc_b":0.10909999907016754,"valid/accs_b":0.995199978351593,"valid/best_acc_d":0.9535999894142151,"valid/best_acc_b":0.995199978351593,"_wandb":{"runtime":353},"test/accs_d":0.5837999582290649,"test/best_acc_d":0.5885999798774719,"Iter step":8000,"test/accs_b":0.10339999943971634,"valid/accs_d":0.8179999589920044}