{"test/accs_b":0.45600003004074097,"_step":100,"test/best_acc_d":0.7900000214576721,"_runtime":7739.661032865,"test/accs_d":0.7780000567436218,"valid/accs_b":0.9980000257492065,"Iter step":50000,"valid/best_acc_d":0.9290000200271606,"valid/accs_d":0.7310000061988831,"_wandb":{"runtime":7739},"valid/best_acc_b":0.999000072479248,"_timestamp":1.7267959635169826e+09,"test/best_acc_b":0.527999997138977}