{"_step":15,"valid/accs_b":0.995199978351593,"_runtime":321.611880006,"test/best_acc_d":0.7002999782562256,"Iter step":7500,"_wandb":{"runtime":329},"valid/best_acc_b":0.995199978351593,"test/accs_d":0.6895999908447266,"test/accs_b":0.1013999953866005,"valid/best_acc_d":0.9179999828338623,"_timestamp":1.7266400228376439e+09,"test/best_acc_b":0.10319999605417252,"valid/accs_d":0.8294000029563904}