{"valid/best_acc_d":0.8965999484062195,"_step":100,"_wandb":{"runtime":1264},"test/accs_d":0.7461000084877014,"_timestamp":1.7268320211854837e+09,"test/best_acc_b":0.14429999887943268,"valid/accs_d":0.8691999912261963,"test/best_acc_d":0.7865999937057495,"_runtime":1264.501354125,"valid/accs_b":0.7888000011444092,"test/accs_b":0.11509999632835388,"valid/best_acc_b":0.9953999519348145,"Iter step":50000}