{"test/best_acc_b":0.1605999916791916,"Iter step":50000,"valid/accs_d":0.8669999837875366,"test/accs_d":0.7576999664306641,"_timestamp":1.7268333006619723e+09,"valid/best_acc_d":0.8795999884605408,"test/accs_b":0.12879998981952667,"test/best_acc_d":0.7829999923706055,"_wandb":{"runtime":1271},"_runtime":1271.216565631,"valid/best_acc_b":0.9957999587059021,"_step":100,"valid/accs_b":0.8987999558448792}