{"_runtime":1377.299776863,"_timestamp":1.7268307482054477e+09,"_wandb":{"runtime":1377},"valid/best_acc_d":0.9070000052452087,"_step":100,"test/best_acc_b":0.12700000405311584,"valid/accs_b":0.995199978351593,"valid/accs_d":0.8585999608039856,"test/accs_d":0.7953000068664551,"test/accs_b":0.11079999804496765,"valid/best_acc_b":0.995199978351593,"test/best_acc_d":0.8190999627113342,"Iter step":50000}