{"valid/accs_b":0.9940000176429749,"Iter step":50000,"valid/accs_d":0.753000020980835,"valid/best_acc_d":0.9040000438690186,"_wandb":{"runtime":8414},"test/accs_b":0.36400002241134644,"_timestamp":1.726762872122601e+09,"test/best_acc_d":0.7680000066757202,"test/accs_d":0.7440000176429749,"_step":100,"test/best_acc_b":0.4440000355243683,"_runtime":8413.785836884,"valid/best_acc_b":0.9960000514984131}