{"_wandb":{"runtime":8096},"test/best_acc_d":0.784000039100647,"Iter step":50000,"_step":100,"_timestamp":1.726780508699861e+09,"test/best_acc_b":0.48000001907348633,"test/accs_b":0.37400001287460327,"valid/best_acc_d":0.9430000185966492,"valid/accs_d":0.7510000467300415,"test/accs_d":0.7480000257492065,"_runtime":8096.535040285,"valid/accs_b":0.9920000433921814,"valid/best_acc_b":0.9960000514984131}