{"_timestamp":1.7268146802671173e+09,"valid/accs_d":0.9920000433921814,"test/best_acc_b":0,"_wandb":{"runtime":3805},"valid/best_acc_d":1,"_runtime":3805.494408615,"Iter step":50000,"valid/best_acc_b":0,"_step":100,"test/best_acc_d":0.5940000414848328,"test/accs_d":0.5600000023841858}