{"valid/best_acc_b":0.9953999519348145,"test/best_acc_b":0.13490000367164612,"_step":100,"Iter step":50000,"valid/best_acc_d":0.9025999903678894,"test/accs_d":0.7400999665260315,"_wandb":{"runtime":1286},"_runtime":1286.311309889,"_timestamp":1.7268345953292172e+09,"test/accs_b":0.13019999861717224,"valid/accs_d":0.843999981880188,"valid/accs_b":0.7928000092506409,"test/best_acc_d":0.7983999848365784}