{"_runtime":3718.756682247,"test/best_acc_b":0,"Iter step":50000,"_step":100,"valid/accs_d":0.9920000433921814,"valid/best_acc_b":0,"valid/best_acc_d":0.9980000257492065,"test/accs_d":0.5740000009536743,"_wandb":{"runtime":3718},"test/best_acc_d":0.5840000510215759,"_timestamp":1.726810865082095e+09}