{"test/best_acc_b":0.12929999828338623,"_timestamp":1.7268265648323863e+09,"test/accs_d":0.7791000008583069,"_wandb":{"runtime":411},"valid/best_acc_d":0.8823999762535095,"test/best_acc_d":0.7836999893188477,"Iter step":11000,"_step":22,"test/accs_b":0.10899999737739563,"_runtime":408.239123926,"valid/best_acc_b":0.9953999519348145,"valid/accs_d":0.8395999670028687,"valid/accs_b":0.9953999519348145}